Nama Bisnis,Kategori,Kota,Email,Sumber Email,Status,Rating,Terakhir Dikontak,Tanggal Scrape,Last Email ID,Catatan
"PT. Pesona Ijen Tour & Travel","Biro Wisata","Banyuwangi","pesonaijen@gmail.com","website","CONTACTED","-","30/9/2026, 09.02.01","28/9/2026, 11.36.24","-","Email sent: 01a0f00c-3c76-742a-8538-a5ade40efe30 (src: website)"
"Joy Travel","Biro Perjalanan dan Wisata","Blitar","homezandown24@gold.mountain","website","CONTACTED","-","30/9/2026, 09.01.54","28/9/2026, 11.36.59","-","Email sent: 01a0f00c-22a9-7f1a-85ca-3d5e7a59b929 (src: website)"
"Kost Putra Solo","Penginapan","Solo","admin@kostsolo.web.id","website","CONTACTED","-","30/9/2026, 09.01.48","28/9/2026, 11.44.30","-","Email sent: 01a0f00c-0970-7684-95b6-8027a473ad59 (src: website)"
"Kost Putri Semarang","Rumah Pondokan","Semarang","royalparangkusumo@gmail.com","website","CONTACTED","-","30/9/2026, 09.01.40","28/9/2026, 11.54.25","-","Email sent: 01a0f00b-eada-7191-a81a-b37f56da3797 (src: website)"
"Semanggi Residence Kost Putri Jember","Rumah wisata","Jember","cs@mamikos.com","website","CONTACTED","-","30/9/2026, 09.01.33","28/9/2026, 11.58.11","-","Email sent: 01a0f00b-cd6c-786c-9753-741843245957 (src: website)"
"Rumah Makan Gratis Uwais Bandung","Restoran","Bandung","laovejahuida@pp.arnold","website","CONTACTED","-","30/9/2026, 09.01.24","28/9/2026, 12.14.36","-","Email sent: 01a0f00b-ad5a-7586-9f99-bff82cc93c7f (src: website)"
"Social House Grand Indonesia","Restoran","Jakarta","puspita.marcella@ismayagroup.com","website","CONTACTED","-","30/9/2026, 09.01.18","28/9/2026, 12.22.17","-","Email sent: 01a0f00b-9403-7713-bec4-34ac80eadb98 (src: website)"
"Golden Hour Cafe Eatery Pangandaran","Kedai Kopi","Pangandaran","info@goldenhoureatery.com","website","CONTACTED","-","30/9/2026, 09.01.12","28/9/2026, 12.36.29","-","Email sent: 01a0f00b-7c31-7413-bd1a-a0309a3f433b (src: website)"
"Bakso Malang RAOS","Restoran Bakso","Malang","contact@enggalgroup.id","website","CONTACTED","-","30/9/2026, 09.01.06","28/9/2026, 12.52.13","-","Email sent: 01a0f00b-663c-75dd-88a9-042c56eb05b0 (src: website)"
"Has bengkel mobil panggilan 24 jam Semarang","Bengkel Mobil","Semarang","sinarbaritomakmur09@gmail.com","website","CONTACTED","-","30/9/2026, 09.00.59","28/9/2026, 13.30.37","-","Email sent: 01a0f00b-4843-7e9c-8ffe-a283fe1d0dde (src: website)"
"Montecarlo Bengkel Mobil Solo Surakarta","Bengkel Mobil","Solo","Msskinserene@plessismeudon.rugby","website","CONTACTED","-","30/9/2026, 09.00.51","28/9/2026, 13.30.53","-","Email sent: 01a0f00b-2ad2-71cd-b4ca-68513e1900d5 (src: website)"
"BENGKEL MOBIL R Auto Car MAGELANG","Bengkel Mobil","Magelang","nationalcharityleagueinc@abda.co","website","CONTACTED","-","30/9/2026, 09.00.44","28/9/2026, 13.31.31","-","Email sent: 01a0f00b-0e64-7dcc-b5fa-3502de1aae92 (src: website)"
"BENGKEL PURNOMO JEMBER","Bengkel Mobil","Jember","hbbajatim@gmail.com","website","CONTACTED","-","30/9/2026, 09.00.36","28/9/2026, 13.33.31","-","Email sent: 01a0f00a-ef83-719b-9378-05597f067486 (src: website)"
"Republik Laundry","Layanan Binatu","Cianjur","republiklaundry@gmail.com","website","CONTACTED","-","30/9/2026, 09.00.30","28/9/2026, 13.36.24","-","Email sent: 01a0f00a-d97f-7721-a228-0e88f6792b8d (src: website)"
"Okey Wash Laundry Bogor | Semua Bisa Dilaundry Disini!","Binatu","Bogor","okeywashlaundry@gmail.com","website","CONTACTED","-","30/9/2026, 09.00.22","28/9/2026, 13.37.30","-","Email sent: 01a0f00a-b8d5-777c-afbc-155b8a2c7f05 (src: website)"
"Xpress Laundry Karawang - Clean & go","Layanan Binatu","Karawang","slimboonzy@emc.hk","website","CONTACTED","-","30/9/2026, 09.00.14","28/9/2026, 13.38.47","-","Email sent: 01a0f00a-9a30-731c-b776-b08bbea86408 (src: website)"
"Shan Laundry","Binatu","Subang","espacealveole@floristeriaroma.cl","website","CONTACTED","-","30/9/2026, 09.00.07","28/9/2026, 13.39.04","-","Email sent: 01a0f00a-7ece-7239-9607-a41343ae4cc3 (src: website)"
"Solo Laundry & Home Cleaning (Laundry Satuan Profesional , Bag & Shoes Spa, Laundry Kilat)","Layanan Binatu","Solo","sololaundry1@gmail.com","website","CONTACTED","-","29/9/2026, 11.45.21","28/9/2026, 13.44.00","-","Email sent: 01a0eb7b-6348-7ac4-9c9a-4960a852e73b (src: website)"
"Easy Klin Laundry Kiloan & Cuci Karpet","Layanan Binatu","Sidoarjo","easyklinsda@gmail.com","facebook","CONTACTED","-","29/9/2026, 11.45.15","28/9/2026, 13.45.37","-","Email sent: 01a0eb7b-4a1c-7221-b9ee-dc6c0c188a77 (src: facebook)"
"Laundry RR Laundry Express Pasuruan","Layanan Binatu","Pasuruan","laundrybosse@gmail.com","website","CONTACTED","-","29/9/2026, 11.45.09","28/9/2026, 13.45.52","-","Email sent: 01a0eb7b-3353-74fb-8638-4e3cbf3dc796 (src: website)"
"Service AC (PT Mulya Jaya Terpadu )","Bengkel AC","Karawang","mulyajayaterpadu@gmail.com","website","CONTACTED","-","29/9/2026, 11.45.02","28/9/2026, 14.09.06","-","Email sent: 01a0eb7b-19a2-7378-8733-601b28964f7d (src: website)"
"Service AC Pangandaran - PT. Bangkit Angkasa Teknik","Bengkel AC","Pangandaran","ptbangkitangkasatheknik@gmail.com","website","CONTACTED","-","29/9/2026, 11.44.54","28/9/2026, 14.10.26","-","Email sent: 01a0eb7a-fa55-7df0-afc7-6eb5f52638a5 (src: website)"
"ANIW 2 ELECTRONIC","Toko Elektronik","Malang","servindotehnik@ymail.com","website","CONTACTED","-","29/9/2026, 11.44.47","28/9/2026, 14.13.04","-","Email sent: 01a0eb7a-dd6b-7ebb-9d9b-dbc08f928255 (src: website)"
"SERVICE AC KEDIRI - LINTANG AC KEDIRI","Bengkel AC","Kediri","info@primaac.co.id","website","CONTACTED","-","29/9/2026, 11.44.41","28/9/2026, 14.15.15","-","Email sent: 01a0eb7a-c774-7069-9e95-f31f02b7654f (src: website)"
"Idolmart Ciaul Sukabumi","Minimarket","Sukabumi","amnal@toserbaselamat.id","website","CONTACTED","-","29/9/2026, 11.44.35","28/9/2026, 14.40.07","-","Email sent: 01a0eb7a-adb4-77cc-a268-2b2a1c1fb266 (src: website)"
"Purnama 15 Minimarket","Toko Swalayan","Semarang","kontak@indomaret.co.id","website","CONTACTED","-","29/9/2026, 11.44.27","28/9/2026, 14.44.44","-","Email sent: 01a0eb7a-9040-720f-ab70-2254020135e7 (src: website)"
"PT.DST Rental Mobil Cirebon","Agen Sewa Mobil","Cirebon","contact@mysite.com","website","CONTACTED","-","29/9/2026, 11.44.21","28/9/2026, 15.04.06","-","Email sent: 01a0eb7a-7a08-765e-8640-a235649926e8 (src: website)"
"Andi Rent Car","Agen Sewa Mobil","Bogor","SEWAMOBILMURAHBOGOR@GMAIL.COM","website","CONTACTED","-","29/9/2026, 11.44.15","28/9/2026, 15.06.23","-","Email sent: 01a0eb7a-6287-770c-8a2b-87a69001ccda (src: website)"
"PT ROYAL BINTANG TRANS Rental Mobil Probolinggo","Agen Sewa Mobil","Probolinggo","RoyalTourBromo@gmail.com","website","CONTACTED","-","29/9/2026, 11.44.08","28/9/2026, 15.12.54","-","Email sent: 01a0eb7a-448e-7da5-aee6-600073709105 (src: website)"
"Rental Mobil Madiun-CV Sena Trans","Agen Sewa Mobil","Madiun","email@senatransport.co.id","website","CONTACTED","-","29/9/2026, 11.44.02","28/9/2026, 15.13.53","-","Email sent: 01a0eb7a-2dfd-7c92-afbe-fe3dd84ec96c (src: website)"
"Rental motor sukabumi","Penyewaan Sepeda Motor","Sukabumi","emeq@hotsense.br","website","CONTACTED","-","29/9/2026, 11.43.55","28/9/2026, 15.18.57","-","Email sent: 01a0eb7a-1324-71a9-b780-940cf3dde76d (src: website)"
"Sewa Motor Bogor | TRAVERENT","Penyewaan Sepeda Motor","Bogor","avocadoselect@gemabersua.event","website","CONTACTED","-","29/9/2026, 11.43.49","28/9/2026, 15.19.56","-","Email sent: 01a0eb79-fbd1-7cd6-89bb-a43b0484a097 (src: website)"
"Rental Motor Sidoarjo by Rentcang.id","Penyewaan Sepeda Motor","Sidoarjo","rentcangSidoarjo@gmail.com","website","CONTACTED","-","29/9/2026, 11.43.41","28/9/2026, 15.25.23","-","Email sent: 01a0eb79-db46-74c8-be62-e0db57659b8c (src: website)"
"Sewa Motor Lombok Motorbike (Airport, Mataram, Lembar)","Penyewaan Sepeda Motor","Mataram","lombokmotorbike@gmail.com","website","CONTACTED","-","29/9/2026, 11.43.33","28/9/2026, 15.31.53","-","Email sent: 01a0eb79-bcc0-7080-abdb-dcaec3cea926 (src: website)"
"Sewa motor kupang","Penyewaan Sepeda Motor","Kupang","cs@sewamotorkupang.com","website","CONTACTED","-","29/9/2026, 11.43.26","28/9/2026, 15.34.19","-","Email sent: 01a0eb79-a2f6-726f-ad8a-98e85b5f5f0e (src: website)"
"Trip Santai Tour Travel","Biro Perjalanan dan Wisata","Depok","namiratourntravel@gmail.com","website","CONTACTED","-","29/9/2026, 11.43.19","28/9/2026, 15.38.39","-","Email sent: 01a0eb79-87e8-713d-a44b-333ad915ee9d (src: website)"
"TRAVEL TRIP","Biro Perjalanan dan Wisata","Tangerang","info@hitstravel.co.id","website","CONTACTED","-","29/9/2026, 11.43.11","28/9/2026, 15.39.17","-","Email sent: 01a0eb79-6808-7671-8774-d9d63448b422 (src: website)"
"KOST PUTRI WANITA GRIYA FAHIRA 1","Pondok","Tangerang","griyadesainalamsutera@gmail.com","website","CONTACTED","-","29/9/2026, 11.43.04","28/9/2026, 16.03.34","-","Email sent: 01a0eb79-49fb-7262-93c9-9c63dd83ce8b (src: website)"
"Grage Lanai Resto","Restoran Sunda","Kuningan","AmYn_23@Eng.civfabio","website","CONTACTED","-","29/9/2026, 11.42.58","28/9/2026, 16.38.04","-","Email sent: 01a0eb79-3392-76d4-a35b-e4493c66bd95 (src: website)"
"Gubug Makan Mang Engking Solo","Restoran","Solo","aunmc@interiormazaya.jawatimur","website","CONTACTED","-","29/9/2026, 11.42.52","28/9/2026, 16.50.03","-","Email sent: 01a0eb79-1e5b-78d7-9475-8bdbca9440cf (src: website)"
"Teras Bali","Restoran Bali","Pekalongan","lxthizzn@med.interna","website","CONTACTED","-","29/9/2026, 11.42.45","28/9/2026, 16.51.06","-","Email sent: 01a0eb79-0282-73dd-91d6-77cb57ea472e (src: website)"
"Zozo Garden | Cafe Lampung","Restoran","Lampung","elementtransportation@razed.casino","website","CONTACTED","-","29/9/2026, 11.42.38","28/9/2026, 16.55.06","-","Email sent: 01a0eb78-e67c-727b-9c1c-830f782495b0 (src: website)"
"Cotta Haus Purwakarta","Kafe","Purwakarta","Flormorenamoda_@famemagazine.co.uk","website","CONTACTED","-","29/9/2026, 11.42.32","28/9/2026, 17.03.45","-","Email sent: 01a0eb78-cfbc-721d-b96b-376569ad9b94 (src: website)"
"KOZI Coffee Indramayu","Kedai Kopi","Indramayu","coloradoyurt@jeenlab.th","website","CONTACTED","-","29/9/2026, 11.42.26","28/9/2026, 17.06.37","-","Email sent: 01a0eb78-b5ee-707d-bf35-9e20d44096c4 (src: website)"
"Bengkel Jaya Motor Magelang","Bengkel Sepeda Motor","Magelang","infoumum-id@shell.com","website","CONTACTED","-","29/9/2026, 11.42.17","28/9/2026, 18.03.31","-","Email sent: 01a0eb78-956a-7904-8a7c-76bebe52939a (src: website)"
"Surya Mobil","Bengkel Mobil","Yogyakarta","jetautofix@gmail.com","website","CONTACTED","-","29/9/2026, 11.42.09","28/9/2026, 18.15.19","-","Email sent: 01a0eb78-765d-71b4-85ab-6f0ef146de4f (src: website)"
"Bengkel Mobil MAMAN","Bengkel Mobil","Pekalongan","perkasamotorpekalongan@gmail.com","website","CONTACTED","-","29/9/2026, 11.42.03","28/9/2026, 18.15.44","-","Email sent: 01a0eb78-5b90-7d0a-823d-3c091ef2f24e (src: website)"
"Bengkel Mobil Kediri Injeksi ERLANGGA WORKSHOP spesialis Engine, Understell, Matic, ECU, Electrical, Service Berkala Terdekat","Bengkel Mobil","Kediri","hello@lynk.id","website","CONTACTED","-","29/9/2026, 11.41.55","28/9/2026, 18.18.07","-","Email sent: 01a0eb78-3eb7-7b4c-bacb-dfea04474f2f (src: website)"
"Mr Klin Laundry Sukamaju Depok | FREE ANTAR JEMPUT 5 KM | KILOAN & SATUAN PREMIUM","Binatu","Depok","Makaffahdaily@primestores.org","website","CONTACTED","-","29/9/2026, 11.41.48","28/9/2026, 18.23.46","-","Email sent: 01a0eb78-21e0-7434-8bcd-5895bad9631c (src: website)"
"Falisha Laundry Express","Layanan Binatu","Yogyakarta","info@falishalaundry.com","website","CONTACTED","-","29/9/2026, 11.41.41","28/9/2026, 18.28.01","-","Email sent: 01a0eb78-081b-7506-98b2-27a97533af10 (src: website)"
"Parapapa Laundry | Laundry Express | Pusat Laundry Madiun Satuan Kiloan | Cuci Jas Kebaya Sepatu Karpet","Binatu","Madiun","parapapahomeclean@gmail.com","facebook","CONTACTED","-","29/9/2026, 11.41.34","28/9/2026, 18.30.25","-","Email sent: 01a0eb77-ed50-77b1-8e31-63564cabe7f7 (src: facebook)"
"Laundry Kediri The daily wash","Binatu","Kediri","admin@thedailywash.co.id","website","CONTACTED","-","29/9/2026, 11.41.28","28/9/2026, 18.30.42","-","Email sent: 01a0eb77-d2ca-7371-bf4f-e6dfcd1325d1 (src: website)"
"GO Laundry kapten muslim. Laundry Kiloan Siap 1 Hari&Express Siap 6 Jam","Binatu","Medan","jemputlaundrymedan@gmail.com","website","CONTACTED","-","29/9/2026, 11.41.21","28/9/2026, 18.31.58","-","Email sent: 01a0eb77-b92c-748c-96bc-055eb88345d3 (src: website)"
"Alfa Salon Yogyakarta","Salon Kecantikan","Yogyakarta","alfarizitoserba@gmail.com","website","CONTACTED","-","29/9/2026, 11.41.13","28/9/2026, 18.41.04","-","Email sent: 01a0eb77-9902-7729-a07b-b17d25ac8a4d (src: website)"
"LUXURY BEAUTY LOUNGE","Salon Kecantikan","Magelang","sjbecausekids@st.guadagno","website","CONTACTED","-","29/9/2026, 11.41.05","28/9/2026, 18.41.19","-","Email sent: 01a0eb77-78e7-77f1-a100-36a0fbaeb4bc (src: website)"
"Lisa Salon Kota Pasuruan","Salon Kecantikan","Pasuruan","Venturagabpatricia88@gmail.com","website","CONTACTED","-","29/9/2026, 11.40.57","28/9/2026, 18.42.39","-","Email sent: 01a0eb77-59c7-7618-bcfd-06c8027f0aa0 (src: website)"
"Service AC Bergaransi Jogja","Bengkel AC","Yogyakarta","serviceACbergaransijogja@gmail.com","website","CONTACTED","-","29/9/2026, 11.40.50","28/9/2026, 18.59.25","-","Email sent: 01a0eb77-402a-7569-b182-a8c6966c0dc0 (src: website)"
"Nusantara Ac ( Jasa Service AC Pekalongan )","Bengkel AC","Pekalongan","tamayodaautoservice@gmail.com","website","CONTACTED","-","29/9/2026, 11.40.44","28/9/2026, 18.59.48","-","Email sent: 01a0eb77-2ab8-7e38-8d2f-aa496689dfdd (src: website)"
"ACINDO TEKNIK","Bengkel AC","Surabaya","aireoptima@gmail.comsales.aireoptima","website","CONTACTED","-","29/9/2026, 11.40.38","28/9/2026, 19.00.04","-","Email sent: 01a0eb77-0fb2-70b3-bbca-d78cc080b382 (src: website)"
"Service AC Sidoarjo - Surabaya | CV. Makmur Karya Mandiri","Bengkel AC","Sidoarjo","cvmkmsidoarjo@gmail.com","website","CONTACTED","-","29/9/2026, 11.40.32","28/9/2026, 19.00.32","-","Email sent: 01a0eb76-f925-7546-a49f-bcc3a018c834 (src: website)"
"Bengkel ac jaya","Bengkel AC","Pasuruan","cikaparahita@gmail.com","website","CONTACTED","-","29/9/2026, 11.40.25","28/9/2026, 19.00.51","-","Email sent: 01a0eb76-dcaa-743d-9e75-784559d2ab94 (src: website)"
"Service Ac Cimahi | Pasang Ac Cimahi | HG Teknik Aircond","Kontraktor AC","Cimahi","hgteknik123@gmail.com","website","CONTACTED","-","29/9/2026, 11.40.18","28/9/2026, 19.08.31","-","Email sent: 01a0eb76-c3e6-7e3c-a0c5-0095f9b88886 (src: website)"
"Service Kulkas Jogja | Service Mesin Cuci Jogja","Layanan reparasi","Yogyakarta","dokterteknik@gmail.com","website","CONTACTED","-","29/9/2026, 11.40.12","28/9/2026, 19.18.22","-","Email sent: 01a0eb76-aad0-7e5f-9fe2-2e6ec253373a (src: website)"
"KIA TEKNIK - Service Mesin Cuci, AC, Kulkas, Water Heater, Pompa Air, Dispenser, Freezer Box, Showcase, Kompor LPG, TV LED","Reparasi Mesin Cuci & Pengering","Malang","Itmammutorikk@gmail.com","website","CONTACTED","-","29/9/2026, 11.40.04","28/9/2026, 19.19.27","-","Email sent: 01a0eb76-8ac3-7cfd-a880-6ea05cfc118c (src: website)"
"PRABU MART","Minimarket","Probolinggo","alfacare@mu.co.id","website","CONTACTED","-","29/9/2026, 11.39.57","28/9/2026, 19.57.15","-","Email sent: 01a0eb76-7048-7079-afaa-19236b0c0783 (src: website)"
"Over The Moon","Toko Pakaian Wanita","Ambon","cs.olshop@nobby-mail.co.id","website","CONTACTED","-","29/9/2026, 11.39.50","28/9/2026, 20.24.07","-","Email sent: 01a0eb76-54b0-7dd4-b197-96d923dcd3dd (src: website)"
"House of Donatello","Toko Sepatu","Sukabumi","cs@donatello.co.id","website","CONTACTED","-","29/9/2026, 11.39.42","28/9/2026, 20.27.57","-","Email sent: 01a0eb76-34db-729c-9f5c-fd5adf28cd86 (src: website)"
"Azzura Tour Travel Bogor","Pusat Informasi Pariwisata","Bogor","info@navigatour.co.id","website","CONTACTED","-","28/9/2026, 11.33.03","28/9/2026, 11.31.15","-","Email sent: 01a0e649-bef6-761b-b7c4-92b88c3ea556 (src: website)"
"Jendela Tours & Travel","Biro Wisata","Jakarta","info@jendelatours.com","website","CONTACTED","-","28/9/2026, 11.32.56","28/9/2026, 11.31.48","-","Email sent: 01a0e649-a389-7698-8518-6424233811f7 (src: website)"
"BATUR DOLAN TOUR AND TRAVEL","Biro Perjalanan dan Wisata","Indramayu","inoproduction@gmail.com","website","CONTACTED","-","28/9/2026, 11.32.50","28/9/2026, 11.32.37","-","Email sent: 01a0e649-893f-71d0-a524-793a90e2e565 (src: website)"
"RENTAL MOTOR PEKALONGAN","Penyewaan Sepeda Motor","Pekalongan","968annatravel03@gmail.com","website","CONTACTED","-","28/9/2026, 11.29.35","28/9/2026, 11.25.13","-","Email sent: 01a0e646-9098-71e7-8bca-01cb755284e0 (src: website)"
"GORENT - Rental Motor Surabaya","Penyewaan Sepeda Motor","Surabaya","info@gorent.co.id","facebook","CONTACTED","-","28/9/2026, 11.29.29","28/9/2026, 11.25.43","-","Email sent: 01a0e646-7902-7b59-8e97-2c8866d6d99d (src: facebook)"
"Raja Tour Bandung","Biro Perjalanan dan Wisata","Bandung","tour@rajatourbandung.com","website","CONTACTED","-","28/9/2026, 11.29.23","28/9/2026, 11.28.23","-","Email sent: 01a0e646-6305-70ce-afdb-37e8f0da9d8f (src: website)"
"807GARAGE Jakarta Senayan | Sneakers Store","Toko Sepatu","Jakarta","807customercare@gmail.com","website","CONTACTED","-","28/9/2026, 11.25.11","28/9/2026, 11.05.22","-","Email sent: 01a0e642-89fb-7dca-9e82-92b35ebba3a4 (src: website)"
"Travel Blitar Surabaya Juanda - Mentari Transport","Biro Perjalanan dan Wisata","Blitar","helpdesk@s.id","facebook","CONTACTED","-","28/9/2026, 11.25.05","28/9/2026, 11.18.19","-","Email sent: 01a0e642-7217-7c64-a9b6-429f2695ae37 (src: facebook)"
"Sewa Motor Bekasiii Azjebam Motorent","Penyewaan Sepeda Motor","Bekasi","admin@transgo.id","website","CONTACTED","-","28/9/2026, 11.24.59","28/9/2026, 11.20.41","-","Email sent: 01a0e642-5a47-75cf-974d-8cd9d3600813 (src: website)"
"Sewa Motor Tangerang By Tajam Rental","Penyewaan Sepeda Motor","Tangerang","rentalmotorjr@gmail.com","website","CONTACTED","-","28/9/2026, 11.24.51","28/9/2026, 11.21.32","-","Email sent: 01a0e642-3da6-75df-a350-2e8e68eee174 (src: website)"
"Gauri Rent Car Cimahi (Rental Mobil Cimahi)","Agen Sewa Mobil","Cimahi","Raz@guy.raz","website","CONTACTED","-","28/9/2026, 10.48.47","28/9/2026, 08.04.19","-","Email sent: 01a0e621-36f1-7149-83fa-16a048831e81 (src: website)"
"Rental Mobil Cirebon | RentGo Indonesia","Layanan Transportasi","Cirebon","rentgo.idcirebon@gmail.com","website","CONTACTED","-","28/9/2026, 10.48.40","28/9/2026, 08.04.48","-","Email sent: 01a0e621-1ab7-7cda-a898-ac4a3c50b04c (src: website)"
"RENTAL MOBIL GARUT ( PT.NUKA JAYA TRANSPORT )","Agen Sewa Mobil","Garut","info@rentalmobilgarutnuka.com","website","CONTACTED","-","28/9/2026, 10.48.32","28/9/2026, 08.05.07","-","Email sent: 01a0e620-fd0d-74d0-98f4-8a082d2c855a (src: website)"
"Nisa Rental Mobil Sukabumi","Agen Sewa Mobil","Sukabumi","nisarentalsukabumi@gmail.com","website","CONTACTED","-","28/9/2026, 10.48.24","28/9/2026, 08.06.06","-","Email sent: 01a0e620-de60-7c75-8e9c-a6594f78576c (src: website)"
"Nafal Tour And Travel","Biro Perjalanan dan Wisata","Sumedang","mitrabersamaabaditransport@gmail.com","website","CONTACTED","-","28/9/2026, 10.48.18","28/9/2026, 08.07.46","-","Email sent: 01a0e620-c748-7369-980b-a113c230fc2a (src: website)"
"Pelangi Tour & Travel (Pelangi Gemilang Wardhana)","Biro Wisata","Bandung","pelangitourtravelbdo@gmail.com","website","CONTACTED","-","28/9/2026, 10.48.11","28/9/2026, 08.08.00","-","Email sent: 01a0e620-aac2-7bfc-a849-63bd44123f8e (src: website)"
"Padiga tour and travel","Biro Perjalanan dan Wisata","Cimahi","chitatour.travel@gmail.com","website","CONTACTED","-","28/9/2026, 10.48.03","28/9/2026, 08.08.12","-","Email sent: 01a0e620-8bd1-71a6-8aa9-3b2f6f135898 (src: website)"
"Kos putra 10 Sumedang","Hotel jangka panjang","Sumedang","kosttaspv@gmail.comAkademi","website","CONTACTED","-","28/9/2026, 10.47.55","28/9/2026, 08.10.28","-","Email sent: 01a0e620-6d07-763c-a56a-f624cd999855 (src: website)"
"Kost Putri Muslimah Cikutra Bandung","Rumah wisata","Bandung","santosunggi@gmail.com","website","CONTACTED","-","28/9/2026, 10.47.47","28/9/2026, 08.15.03","-","Email sent: 01a0e620-4d18-7979-90ff-88a4e45a30e8 (src: website)"
"Warung Nasi Ibu Imas","Restoran Sunda","Bandung","wehearyou@paxel.co","website","CONTACTED","-","28/9/2026, 10.47.41","28/9/2026, 08.20.29","-","Email sent: 01a0e620-3677-77cb-9b86-7e1c08d39451 (src: website)"
"Laundry Express Bandung","Layanan Binatu","Bandung","laundryklin.cihampelas@gmail.com","facebook","CONTACTED","-","28/9/2026, 10.47.34","28/9/2026, 08.38.37","-","Email sent: 01a0e620-1b1c-7eac-8c72-12e73be3c4eb (src: facebook)"
"Service AC Ademin Aja","Toko AC","Bandung","info@pratamaindonesia.co.id","website","CONTACTED","-","28/9/2026, 10.47.29","28/9/2026, 08.43.52","-","Email sent: 01a0e620-04ae-7355-a7db-ed0a99c88bdf (src: website)"
"3Second Store Garut","Toko Pakaian","Garut","ask3second@gmail.com","facebook","CONTACTED","-","28/9/2026, 10.47.14","28/9/2026, 08.54.43","-","Email sent: 01a0e61f-cc41-766c-b37b-513c4bcc3575 (src: facebook)"
"Ncr Sport Bandung (Toko Sepatu Basket dan Sneakers Original Bandung)","Toko Sepatu","Bandung","ncrsport@gmail.com","website","CONTACTED","-","28/9/2026, 10.47.08","28/9/2026, 08.56.31","-","Email sent: 01a0e61f-b5f1-765a-8065-a5115c51c2e9 (src: website)"
"ASAHI RENTCAR","Agen Sewa Mobil","Subang","elharentcarofficial@gmail.com","website","CONTACTED","-","28/9/2026, 10.47.03","28/9/2026, 09.02.16","-","Email sent: 01a0e61f-a00e-737d-887f-02f48e55d71a (src: website)"
"Kahe Trans | Sewa Rental Mobil Indramayu","Agen Sewa Mobil","Indramayu","kahetransteam@gmail.com","facebook","CONTACTED","-","28/9/2026, 10.46.57","28/9/2026, 09.02.41","-","Email sent: 01a0e61f-8a56-7348-bdd2-ccbc557021df (src: facebook)"
"Rental Motor Pinjemotor Depok","Persewaan Skuter","Depok","contact@yourbestie.id","website","CONTACTED","-","28/9/2026, 10.46.49","28/9/2026, 09.06.11","-","Email sent: 01a0e61f-6b63-73e9-943e-bc6c51859d82 (src: website)"
"Rental Motor Jakarta Pusat RMJP","Penyewaan Sepeda Motor","Jakarta","info@sewamotorjakarte.com","website","CONTACTED","-","28/9/2026, 10.46.43","28/9/2026, 09.06.49","-","Email sent: 01a0e61f-5415-7dc7-acae-eaf183fe9466 (src: website)"
"PT. Cahaya Raudhah Travel Haji dan Umroh Cab. Sumedang","Biro Perjalanan dan Wisata","Sumedang","support@yourdomain.tld","website","CONTACTED","-","28/9/2026, 10.46.38","28/9/2026, 09.09.21","-","Email sent: 01a0e61f-3e2a-775c-8234-51ea7e2a17da (src: website)"
"Ocean Coffee Sunset Place Pangandaran","Kedai Kopi","Pangandaran","adrayandaleandrew@qgda.ccml","website","CONTACTED","-","28/9/2026, 10.46.30","28/9/2026, 09.44.03","-","Email sent: 01a0e61f-20e1-7091-81e6-413ba4db0b6f (src: website)"
"Baso Firman","Restoran Bakso","Tasikmalaya","localoria.com@gmail.com","website","CONTACTED","-","28/9/2026, 10.46.22","28/9/2026, 09.47.01","-","Email sent: 01a0e61f-0239-7161-ac7e-53936eb0b7e5 (src: website)"
"Bakso Rusuk Joss Pusat Bekasi","Restoran Bakso","Bekasi","kemitraan.joss@gmail.com","website","CONTACTED","-","28/9/2026, 10.46.16","28/9/2026, 09.48.09","-","Email sent: 01a0e61e-e7aa-7489-84b9-ef1c0dbe63a5 (src: website)"
"Bengkel Mobil Garut ""ZM 99 Auto Service""","Bengkel Mobil","Garut","Lolife@lolife.wav","website","CONTACTED","-","28/9/2026, 10.46.10","28/9/2026, 10.10.08","-","Email sent: 01a0e61e-d007-76f8-bff9-727a54446ec1 (src: website)"
"Nawilis Bogor","Bengkel Mobil","Bogor","info@nawilis.com","website","CONTACTED","-","28/9/2026, 10.46.03","28/9/2026, 10.13.06","-","Email sent: 01a0e61e-b5f0-714e-a358-a757c557d99b (src: website)"
"Salon Muslimah Depok - INNER Salon Muslimah","Salon Kecantikan","Depok","innersalonmuslimah@gmail.com","facebook","CONTACTED","-","28/9/2026, 10.45.57","28/9/2026, 10.23.16","-","Email sent: 01a0e61e-9e33-77e4-be15-ed8625a4901e (src: facebook)"
"Bengkel AC Guna Lancar","Bengkel AC","Sumedang","Nanididin29@gmail.com","maps","CONTACTED","-","28/9/2026, 10.45.51","28/9/2026, 10.27.00","-","Email sent: 01a0e61e-8748-7ac6-8190-c0d09753010d (src: maps)"
"SERVICE AC | KULKAS | MESIN CUCI KUNINGAN JAWA BARAT | APIP AC KUNINGAN","Bengkel AC","Kuningan","scrpncool@gmail.com","website","CONTACTED","-","28/9/2026, 10.45.44","28/9/2026, 10.36.07","-","Email sent: 01a0e61e-6b32-74d6-91a1-327e5ecee045 (src: website)"
"Service ac, mesin cuci, dispenser, kulkas","Bengkel AC","Tangerang","hericha@gmail.com","website","CONTACTED","-","28/9/2026, 10.45.36","28/9/2026, 10.41.08","-","Email sent: 01a0e61e-4b63-7097-aeca-bbc34650dda0 (src: website)"
"Kost Putri Griya Fikarda Depok","Uncategorized","Depok","putrisakinahdepok@yahoo.com","website","CONTACTED","-","28/9/2026, 10.43.52","28/9/2026, 09.21.12","-","Email sent: 01a0e61c-b613-7b5f-9711-85a43462fa9e (src: website)"
"Villa Raja","Vila","Majalengka","crystaltoba.matariki@gmail.com","website","CONTACTED","-","28/9/2026, 10.43.44","28/9/2026, 09.22.57","-","Email sent: 01a0e61c-9935-71ea-bb0e-cd688b20bf21 (src: website)"
"Royal 11 Villa Cirebon I Modern Villa","Vila","Cirebon","reservation@alamanis.co.id","website","CONTACTED","-","28/9/2026, 10.43.38","28/9/2026, 09.23.11","-","Email sent: 01a0e61c-8143-789a-9f35-68079e70d879 (src: website)"
"Villa Azka Purwakarta","Vila","Purwakarta","adityaarnav55@Santiago.dussan","website","CONTACTED","-","28/9/2026, 10.43.30","28/9/2026, 09.24.11","-","Email sent: 01a0e61c-61d6-701c-9941-fb260c8281fd (src: website)"
"Casabadia Villas Pangandaran by Horison","Uncategorized","Pangandaran","info@myhorison.com","website","CONTACTED","-","28/9/2026, 10.43.22","28/9/2026, 09.27.25","-","Email sent: 01a0e61c-40d0-7019-80cf-a4bcf8c3fca8 (src: website)"
"Historia Coffee & Eatery","Restoran","Garut","azuviia@caoc.ufsb","website","CONTACTED","-","28/9/2026, 10.43.14","28/9/2026, 09.39.06","-","Email sent: 01a0e61c-224a-73ae-8795-72d346051ad0 (src: website)"
"Two Elements Coffee & Kitchen","Kafe","Purwakarta","bigdogdecoded@fika.workshop","website","CONTACTED","-","28/9/2026, 10.43.07","28/9/2026, 09.40.24","-","Email sent: 01a0e61c-08ba-7089-be39-6dfd44c9cea6 (src: website)"
"Arini Dental Care Purwakarta","Klinik Gigi","Purwakarta","cs.arinidental@gmail.com","facebook","PENDING","-","","2/10/2026, 10.50.25","","-"
"Toko Saget Saestu","Toko Kelontong Asia","Garut","media.id%40shopee.com","website","PENDING","-","","28/9/2026, 08.49.56","","-"